Model,Metric,Value
DecisionTree,accuracy,0.5109489051094891
DecisionTree,accuracy,0.41605839416058393
DecisionTree,accuracy,0.39416058394160586
DecisionTree,accuracy,0.3795620437956204
DecisionTree,accuracy,0.48905109489051096
DecisionTree,accuracy,0.5036496350364964
DecisionTree,accuracy,0.4233576642335766
DecisionTree,accuracy,0.5109489051094891
DecisionTree,accuracy,0.47794117647058826
DecisionTree,accuracy,0.5
DecisionTree,accuracy,0.48905109489051096
DecisionTree,accuracy,0.48905109489051096
DecisionTree,accuracy,0.38686131386861317
DecisionTree,accuracy,0.45985401459854014
DecisionTree,accuracy,0.45985401459854014
DecisionTree,accuracy,0.48905109489051096
DecisionTree,accuracy,0.4744525547445255
DecisionTree,accuracy,0.45255474452554745
DecisionTree,accuracy,0.4632352941176471
DecisionTree,accuracy,0.5147058823529411
DecisionTree,accuracy,0.44525547445255476
DecisionTree,accuracy,0.48905109489051096
DecisionTree,accuracy,0.46715328467153283
DecisionTree,accuracy,0.40875912408759124
DecisionTree,accuracy,0.49635036496350365
DecisionTree,accuracy,0.48905109489051096
DecisionTree,accuracy,0.48905109489051096
DecisionTree,accuracy,0.48175182481751827
DecisionTree,accuracy,0.4632352941176471
DecisionTree,accuracy,0.47058823529411764
DecisionTree,accuracy,0.5036496350364964
DecisionTree,accuracy,0.45985401459854014
DecisionTree,accuracy,0.45985401459854014
DecisionTree,accuracy,0.49635036496350365
DecisionTree,accuracy,0.5036496350364964
DecisionTree,accuracy,0.41605839416058393
DecisionTree,accuracy,0.43795620437956206
DecisionTree,accuracy,0.43795620437956206
DecisionTree,accuracy,0.5
DecisionTree,accuracy,0.4632352941176471
DecisionTree,accuracy,0.43795620437956206
DecisionTree,accuracy,0.44525547445255476
DecisionTree,accuracy,0.44525547445255476
DecisionTree,accuracy,0.4744525547445255
DecisionTree,accuracy,0.43795620437956206
DecisionTree,accuracy,0.5255474452554745
DecisionTree,accuracy,0.49635036496350365
DecisionTree,accuracy,0.4233576642335766
DecisionTree,accuracy,0.4852941176470588
DecisionTree,accuracy,0.5
DecisionTree,precision,0.35248484848484846
DecisionTree,precision,0.3379424778761062
DecisionTree,precision,0.20952380952380953
DecisionTree,precision,0.3435960591133005
DecisionTree,precision,0.32951653944020354
DecisionTree,precision,0.21912568306010927
DecisionTree,precision,0.36904761904761907
DecisionTree,precision,0.37206349206349204
DecisionTree,precision,0.2333333333333333
DecisionTree,precision,0.4196620583717358
DecisionTree,precision,0.1758530183727034
DecisionTree,precision,0.2631967515688446
DecisionTree,precision,0.26999666999667
DecisionTree,precision,0.4410963568266939
DecisionTree,precision,0.26116625310173697
DecisionTree,precision,0.3914930555555555
DecisionTree,precision,0.3440285204991087
DecisionTree,precision,0.27465127465127465
DecisionTree,precision,0.29557522123893804
DecisionTree,precision,0.38166666666666665
DecisionTree,precision,0.21675774134790526
DecisionTree,precision,0.27652464494569756
DecisionTree,precision,0.5625
DecisionTree,precision,0.2122175141242938
DecisionTree,precision,0.40838041431261773
DecisionTree,precision,0.2631967515688446
DecisionTree,precision,0.4575757575757575
DecisionTree,precision,0.2235142118863049
DecisionTree,precision,0.3453318335208099
DecisionTree,precision,0.24209575429087624
DecisionTree,precision,0.38923076923076927
DecisionTree,precision,0.34803921568627455
DecisionTree,precision,0.17500000000000002
DecisionTree,precision,0.30812324929971985
DecisionTree,precision,0.26690909090909093
DecisionTree,precision,0.23501461988304095
DecisionTree,precision,0.41697994987468673
DecisionTree,precision,0.39761893080835337
DecisionTree,precision,0.38888888888888884
DecisionTree,precision,0.3388083735909823
DecisionTree,precision,0.32002442002442005
DecisionTree,precision,0.23539302227826817
DecisionTree,precision,0.24557575757575756
DecisionTree,precision,0.2513550135501355
DecisionTree,precision,0.2353333333333333
DecisionTree,precision,0.42054263565891475
DecisionTree,precision,0.3681139122315593
DecisionTree,precision,0.28383190883190884
DecisionTree,precision,0.25129198966408267
DecisionTree,precision,0.3054281345565749
DecisionTree,recall,0.36500754147812975
DecisionTree,recall,0.32776497695852536
DecisionTree,recall,0.30014430014430016
DecisionTree,recall,0.3251742160278746
DecisionTree,recall,0.3476225671347623
DecisionTree,recall,0.29985754985754987
DecisionTree,recall,0.34091337099811675
DecisionTree,recall,0.3511083743842365
DecisionTree,recall,0.32298474945533767
DecisionTree,recall,0.35069606773674095
DecisionTree,recall,0.3059360730593607
DecisionTree,recall,0.3291316526610644
DecisionTree,recall,0.31359470259842315
DecisionTree,recall,0.3633597883597884
DecisionTree,recall,0.33050012318305
DecisionTree,recall,0.3325281803542673
DecisionTree,recall,0.35251524390243905
DecisionTree,recall,0.33408919123204833
DecisionTree,recall,0.35858585858585856
DecisionTree,recall,0.36042012161415143
DecisionTree,recall,0.3272554605887939
DecisionTree,recall,0.32959326788218796
DecisionTree,recall,0.3336799366211131
DecisionTree,recall,0.3004319105691057
DecisionTree,recall,0.37822354240264694
DecisionTree,recall,0.3325281803542673
DecisionTree,recall,0.3751873574454219
DecisionTree,recall,0.3223429951690821
DecisionTree,recall,0.35138987883107625
DecisionTree,recall,0.3069528280795886
DecisionTree,recall,0.3721572449642625
DecisionTree,recall,0.3417366946778711
DecisionTree,recall,0.29577464788732394
DecisionTree,recall,0.36499137718649916
DecisionTree,recall,0.3258687258687259
DecisionTree,recall,0.31587301587301586
DecisionTree,recall,0.34969474969474973
DecisionTree,recall,0.3592768866169183
DecisionTree,recall,0.3652421652421653
DecisionTree,recall,0.368879472693032
DecisionTree,recall,0.3341750841750842
DecisionTree,recall,0.32323232323232326
DecisionTree,recall,0.3218261413383365
DecisionTree,recall,0.3261437908496732
DecisionTree,recall,0.3323087431693989
DecisionTree,recall,0.3873873873873874
DecisionTree,recall,0.35435871318224255
DecisionTree,recall,0.30996472663139324
DecisionTree,recall,0.3284313725490196
DecisionTree,recall,0.36610523567045306
DecisionTree,macro_F1,0.3010708117443869
DecisionTree,macro_F1,0.27651162790697675
DecisionTree,macro_F1,0.22847985347985347
DecisionTree,macro_F1,0.26339345958346455
DecisionTree,macro_F1,0.259135255787162
DecisionTree,macro_F1,0.24115942028985507
DecisionTree,macro_F1,0.2751352081245691
DecisionTree,macro_F1,0.33559273559273556
DecisionTree,macro_F1,0.23394723743155799
DecisionTree,macro_F1,0.29213024326893466
DecisionTree,macro_F1,0.22333333333333336
DecisionTree,macro_F1,0.2502757690893492
DecisionTree,macro_F1,0.2525299403127457
DecisionTree,macro_F1,0.34338005978395764
DecisionTree,macro_F1,0.25640025990903187
DecisionTree,macro_F1,0.25415419324048766
DecisionTree,macro_F1,0.2793927648578811
DecisionTree,macro_F1,0.24902998236331567
DecisionTree,macro_F1,0.3054706440392116
DecisionTree,macro_F1,0.28858752620545075
DecisionTree,macro_F1,0.2445267151149504
DecisionTree,macro_F1,0.23742962531547274
DecisionTree,macro_F1,0.2716003019954388
DecisionTree,macro_F1,0.22922691343743976
DecisionTree,macro_F1,0.3296986010400645
DecisionTree,macro_F1,0.24986297079320333
DecisionTree,macro_F1,0.34007326007326005
DecisionTree,macro_F1,0.23334797247840725
DecisionTree,macro_F1,0.25953432356483336
DecisionTree,macro_F1,0.2392022100936594
DecisionTree,macro_F1,0.353030303030303
DecisionTree,macro_F1,0.30325600325600327
DecisionTree,macro_F1,0.2198952879581152
DecisionTree,macro_F1,0.3002795899347624
DecisionTree,macro_F1,0.26458378850775616
DecisionTree,macro_F1,0.2694306638317978
DecisionTree,macro_F1,0.3124367158265463
DecisionTree,macro_F1,0.3257974157404897
DecisionTree,macro_F1,0.28456287523645035
DecisionTree,macro_F1,0.30407523510971785
DecisionTree,macro_F1,0.2996473143778757
DecisionTree,macro_F1,0.24915201973481346
DecisionTree,macro_F1,0.24197031039136305
DecisionTree,macro_F1,0.2514926058602002
DecisionTree,macro_F1,0.23763440860215054
DecisionTree,macro_F1,0.3145299145299145
DecisionTree,macro_F1,0.3082526705715111
DecisionTree,macro_F1,0.2767989977292303
DecisionTree,macro_F1,0.23751001870157626
DecisionTree,macro_F1,0.3193344385092405
DecisionTree,micro_F1,0.5109489051094891
DecisionTree,micro_F1,0.41605839416058393
DecisionTree,micro_F1,0.39416058394160586
DecisionTree,micro_F1,0.3795620437956204
DecisionTree,micro_F1,0.48905109489051096
DecisionTree,micro_F1,0.5036496350364964
DecisionTree,micro_F1,0.4233576642335766
DecisionTree,micro_F1,0.5109489051094891
DecisionTree,micro_F1,0.47794117647058826
DecisionTree,micro_F1,0.5
DecisionTree,micro_F1,0.48905109489051096
DecisionTree,micro_F1,0.48905109489051096
DecisionTree,micro_F1,0.38686131386861317
DecisionTree,micro_F1,0.45985401459854014
DecisionTree,micro_F1,0.45985401459854014
DecisionTree,micro_F1,0.48905109489051096
DecisionTree,micro_F1,0.4744525547445255
DecisionTree,micro_F1,0.45255474452554745
DecisionTree,micro_F1,0.4632352941176471
DecisionTree,micro_F1,0.5147058823529411
DecisionTree,micro_F1,0.44525547445255476
DecisionTree,micro_F1,0.48905109489051096
DecisionTree,micro_F1,0.46715328467153283
DecisionTree,micro_F1,0.40875912408759124
DecisionTree,micro_F1,0.49635036496350365
DecisionTree,micro_F1,0.48905109489051096
DecisionTree,micro_F1,0.48905109489051096
DecisionTree,micro_F1,0.48175182481751827
DecisionTree,micro_F1,0.4632352941176471
DecisionTree,micro_F1,0.47058823529411764
DecisionTree,micro_F1,0.5036496350364964
DecisionTree,micro_F1,0.45985401459854014
DecisionTree,micro_F1,0.45985401459854014
DecisionTree,micro_F1,0.49635036496350365
DecisionTree,micro_F1,0.5036496350364964
DecisionTree,micro_F1,0.41605839416058393
DecisionTree,micro_F1,0.43795620437956206
DecisionTree,micro_F1,0.43795620437956206
DecisionTree,micro_F1,0.5
DecisionTree,micro_F1,0.4632352941176471
DecisionTree,micro_F1,0.43795620437956206
DecisionTree,micro_F1,0.44525547445255476
DecisionTree,micro_F1,0.44525547445255476
DecisionTree,micro_F1,0.4744525547445255
DecisionTree,micro_F1,0.43795620437956206
DecisionTree,micro_F1,0.5255474452554745
DecisionTree,micro_F1,0.49635036496350365
DecisionTree,micro_F1,0.4233576642335766
DecisionTree,micro_F1,0.4852941176470588
DecisionTree,micro_F1,0.5
AdaBoost,accuracy,0.49635036496350365
AdaBoost,accuracy,0.45255474452554745
AdaBoost,accuracy,0.45985401459854014
AdaBoost,accuracy,0.40875912408759124
AdaBoost,accuracy,0.48175182481751827
AdaBoost,accuracy,0.5693430656934306
AdaBoost,accuracy,0.4306569343065693
AdaBoost,accuracy,0.583941605839416
AdaBoost,accuracy,0.5
AdaBoost,accuracy,0.5073529411764706
AdaBoost,accuracy,0.5328467153284672
AdaBoost,accuracy,0.5109489051094891
AdaBoost,accuracy,0.4306569343065693
AdaBoost,accuracy,0.5255474452554745
AdaBoost,accuracy,0.48175182481751827
AdaBoost,accuracy,0.5036496350364964
AdaBoost,accuracy,0.46715328467153283
AdaBoost,accuracy,0.45985401459854014
AdaBoost,accuracy,0.4852941176470588
AdaBoost,accuracy,0.49264705882352944
AdaBoost,accuracy,0.4744525547445255
AdaBoost,accuracy,0.5036496350364964
AdaBoost,accuracy,0.49635036496350365
AdaBoost,accuracy,0.46715328467153283
AdaBoost,accuracy,0.48905109489051096
AdaBoost,accuracy,0.5036496350364964
AdaBoost,accuracy,0.48175182481751827
AdaBoost,accuracy,0.5036496350364964
AdaBoost,accuracy,0.4485294117647059
AdaBoost,accuracy,0.5220588235294118
AdaBoost,accuracy,0.5255474452554745
AdaBoost,accuracy,0.49635036496350365
AdaBoost,accuracy,0.5182481751824818
AdaBoost,accuracy,0.48175182481751827
AdaBoost,accuracy,0.5401459854014599
AdaBoost,accuracy,0.5109489051094891
AdaBoost,accuracy,0.45985401459854014
AdaBoost,accuracy,0.44525547445255476
AdaBoost,accuracy,0.47794117647058826
AdaBoost,accuracy,0.4338235294117647
AdaBoost,accuracy,0.49635036496350365
AdaBoost,accuracy,0.48175182481751827
AdaBoost,accuracy,0.4744525547445255
AdaBoost,accuracy,0.49635036496350365
AdaBoost,accuracy,0.44525547445255476
AdaBoost,accuracy,0.48175182481751827
AdaBoost,accuracy,0.5109489051094891
AdaBoost,accuracy,0.49635036496350365
AdaBoost,accuracy,0.5
AdaBoost,accuracy,0.5073529411764706
AdaBoost,precision,0.1654501216545012
AdaBoost,precision,0.15085158150851583
AdaBoost,precision,0.15328467153284672
AdaBoost,precision,0.1362530413625304
AdaBoost,precision,0.16058394160583941
AdaBoost,precision,0.1897810218978102
AdaBoost,precision,0.1435523114355231
AdaBoost,precision,0.194647201946472
AdaBoost,precision,0.16666666666666666
AdaBoost,precision,0.1691176470588235
AdaBoost,precision,0.17761557177615572
AdaBoost,precision,0.17031630170316303
AdaBoost,precision,0.1435523114355231
AdaBoost,precision,0.17518248175182483
AdaBoost,precision,0.16058394160583941
AdaBoost,precision,0.16788321167883213
AdaBoost,precision,0.15571776155717762
AdaBoost,precision,0.15328467153284672
AdaBoost,precision,0.16176470588235295
AdaBoost,precision,0.1642156862745098
AdaBoost,precision,0.15815085158150852
AdaBoost,precision,0.16788321167883213
AdaBoost,precision,0.1654501216545012
AdaBoost,precision,0.15571776155717762
AdaBoost,precision,0.1630170316301703
AdaBoost,precision,0.16788321167883213
AdaBoost,precision,0.16058394160583941
AdaBoost,precision,0.16788321167883213
AdaBoost,precision,0.14950980392156862
AdaBoost,precision,0.17401960784313728
AdaBoost,precision,0.17518248175182483
AdaBoost,precision,0.1654501216545012
AdaBoost,precision,0.17274939172749393
AdaBoost,precision,0.16058394160583941
AdaBoost,precision,0.18004866180048662
AdaBoost,precision,0.17031630170316303
AdaBoost,precision,0.15328467153284672
AdaBoost,precision,0.14841849148418493
AdaBoost,precision,0.1593137254901961
AdaBoost,precision,0.14460784313725492
AdaBoost,precision,0.1654501216545012
AdaBoost,precision,0.16058394160583941
AdaBoost,precision,0.15815085158150852
AdaBoost,precision,0.1654501216545012
AdaBoost,precision,0.14841849148418493
AdaBoost,precision,0.16058394160583941
AdaBoost,precision,0.17031630170316303
AdaBoost,precision,0.1654501216545012
AdaBoost,precision,0.16666666666666666
AdaBoost,precision,0.1691176470588235
AdaBoost,recall,0.3333333333333333
AdaBoost,recall,0.3333333333333333
AdaBoost,recall,0.3333333333333333
AdaBoost,recall,0.3333333333333333
AdaBoost,recall,0.3333333333333333
AdaBoost,recall,0.3333333333333333
AdaBoost,recall,0.3333333333333333
AdaBoost,recall,0.3333333333333333
AdaBoost,recall,0.3333333333333333
AdaBoost,recall,0.3333333333333333
AdaBoost,recall,0.3333333333333333
AdaBoost,recall,0.3333333333333333
AdaBoost,recall,0.3333333333333333
AdaBoost,recall,0.3333333333333333
AdaBoost,recall,0.3333333333333333
AdaBoost,recall,0.3333333333333333
AdaBoost,recall,0.3333333333333333
AdaBoost,recall,0.3333333333333333
AdaBoost,recall,0.3333333333333333
AdaBoost,recall,0.3333333333333333
AdaBoost,recall,0.3333333333333333
AdaBoost,recall,0.3333333333333333
AdaBoost,recall,0.3333333333333333
AdaBoost,recall,0.3333333333333333
AdaBoost,recall,0.3333333333333333
AdaBoost,recall,0.3333333333333333
AdaBoost,recall,0.3333333333333333
AdaBoost,recall,0.3333333333333333
AdaBoost,recall,0.3333333333333333
AdaBoost,recall,0.3333333333333333
AdaBoost,recall,0.3333333333333333
AdaBoost,recall,0.3333333333333333
AdaBoost,recall,0.3333333333333333
AdaBoost,recall,0.3333333333333333
AdaBoost,recall,0.3333333333333333
AdaBoost,recall,0.3333333333333333
AdaBoost,recall,0.3333333333333333
AdaBoost,recall,0.3333333333333333
AdaBoost,recall,0.3333333333333333
AdaBoost,recall,0.3333333333333333
AdaBoost,recall,0.3333333333333333
AdaBoost,recall,0.3333333333333333
AdaBoost,recall,0.3333333333333333
AdaBoost,recall,0.3333333333333333
AdaBoost,recall,0.3333333333333333
AdaBoost,recall,0.3333333333333333
AdaBoost,recall,0.3333333333333333
AdaBoost,recall,0.3333333333333333
AdaBoost,recall,0.3333333333333333
AdaBoost,recall,0.3333333333333333
AdaBoost,macro_F1,0.22113821138211384
AdaBoost,macro_F1,0.20770519262981577
AdaBoost,macro_F1,0.21
AdaBoost,macro_F1,0.1934369602763385
AdaBoost,macro_F1,0.2167487684729064
AdaBoost,macro_F1,0.2418604651162791
AdaBoost,macro_F1,0.20068027210884354
AdaBoost,macro_F1,0.2457757296466974
AdaBoost,macro_F1,0.2222222222222222
AdaBoost,macro_F1,0.22439024390243903
AdaBoost,macro_F1,0.23174603174603173
AdaBoost,macro_F1,0.22544283413848631
AdaBoost,macro_F1,0.20068027210884354
AdaBoost,macro_F1,0.22966507177033493
AdaBoost,macro_F1,0.2167487684729064
AdaBoost,macro_F1,0.22330097087378642
AdaBoost,macro_F1,0.21227197346600332
AdaBoost,macro_F1,0.21
AdaBoost,macro_F1,0.21782178217821782
AdaBoost,macro_F1,0.22003284072249588
AdaBoost,macro_F1,0.21452145214521454
AdaBoost,macro_F1,0.22330097087378642
AdaBoost,macro_F1,0.22113821138211384
AdaBoost,macro_F1,0.21227197346600332
AdaBoost,macro_F1,0.21895424836601307
AdaBoost,macro_F1,0.22330097087378642
AdaBoost,macro_F1,0.2167487684729064
AdaBoost,macro_F1,0.22330097087378642
AdaBoost,macro_F1,0.20642978003384094
AdaBoost,macro_F1,0.22866344605475042
AdaBoost,macro_F1,0.22966507177033493
AdaBoost,macro_F1,0.22113821138211384
AdaBoost,macro_F1,0.22756410256410256
AdaBoost,macro_F1,0.2167487684729064
AdaBoost,macro_F1,0.23380726698262244
AdaBoost,macro_F1,0.22544283413848631
AdaBoost,macro_F1,0.21
AdaBoost,macro_F1,0.20538720538720537
AdaBoost,macro_F1,0.21558872305140964
AdaBoost,macro_F1,0.2017094017094017
AdaBoost,macro_F1,0.22113821138211384
AdaBoost,macro_F1,0.2167487684729064
AdaBoost,macro_F1,0.21452145214521454
AdaBoost,macro_F1,0.22113821138211384
AdaBoost,macro_F1,0.20538720538720537
AdaBoost,macro_F1,0.2167487684729064
AdaBoost,macro_F1,0.22544283413848631
AdaBoost,macro_F1,0.22113821138211384
AdaBoost,macro_F1,0.2222222222222222
AdaBoost,macro_F1,0.22439024390243903
AdaBoost,micro_F1,0.49635036496350365
AdaBoost,micro_F1,0.45255474452554745
AdaBoost,micro_F1,0.45985401459854014
AdaBoost,micro_F1,0.40875912408759124
AdaBoost,micro_F1,0.48175182481751827
AdaBoost,micro_F1,0.5693430656934306
AdaBoost,micro_F1,0.4306569343065693
AdaBoost,micro_F1,0.583941605839416
AdaBoost,micro_F1,0.5
AdaBoost,micro_F1,0.5073529411764706
AdaBoost,micro_F1,0.5328467153284672
AdaBoost,micro_F1,0.5109489051094891
AdaBoost,micro_F1,0.4306569343065693
AdaBoost,micro_F1,0.5255474452554745
AdaBoost,micro_F1,0.48175182481751827
AdaBoost,micro_F1,0.5036496350364964
AdaBoost,micro_F1,0.46715328467153283
AdaBoost,micro_F1,0.45985401459854014
AdaBoost,micro_F1,0.4852941176470588
AdaBoost,micro_F1,0.49264705882352944
AdaBoost,micro_F1,0.4744525547445255
AdaBoost,micro_F1,0.5036496350364964
AdaBoost,micro_F1,0.49635036496350365
AdaBoost,micro_F1,0.46715328467153283
AdaBoost,micro_F1,0.48905109489051096
AdaBoost,micro_F1,0.5036496350364964
AdaBoost,micro_F1,0.48175182481751827
AdaBoost,micro_F1,0.5036496350364964
AdaBoost,micro_F1,0.4485294117647059
AdaBoost,micro_F1,0.5220588235294118
AdaBoost,micro_F1,0.5255474452554745
AdaBoost,micro_F1,0.49635036496350365
AdaBoost,micro_F1,0.5182481751824818
AdaBoost,micro_F1,0.48175182481751827
AdaBoost,micro_F1,0.5401459854014599
AdaBoost,micro_F1,0.5109489051094891
AdaBoost,micro_F1,0.45985401459854014
AdaBoost,micro_F1,0.44525547445255476
AdaBoost,micro_F1,0.47794117647058826
AdaBoost,micro_F1,0.4338235294117647
AdaBoost,micro_F1,0.49635036496350365
AdaBoost,micro_F1,0.48175182481751827
AdaBoost,micro_F1,0.4744525547445255
AdaBoost,micro_F1,0.49635036496350365
AdaBoost,micro_F1,0.44525547445255476
AdaBoost,micro_F1,0.48175182481751827
AdaBoost,micro_F1,0.5109489051094891
AdaBoost,micro_F1,0.49635036496350365
AdaBoost,micro_F1,0.5
AdaBoost,micro_F1,0.5073529411764706
GradientBoostingTree,accuracy,0.48175182481751827
GradientBoostingTree,accuracy,0.46715328467153283
GradientBoostingTree,accuracy,0.4306569343065693
GradientBoostingTree,accuracy,0.3795620437956204
GradientBoostingTree,accuracy,0.45255474452554745
GradientBoostingTree,accuracy,0.5474452554744526
GradientBoostingTree,accuracy,0.44525547445255476
GradientBoostingTree,accuracy,0.5912408759124088
GradientBoostingTree,accuracy,0.45588235294117646
GradientBoostingTree,accuracy,0.5
GradientBoostingTree,accuracy,0.49635036496350365
GradientBoostingTree,accuracy,0.48905109489051096
GradientBoostingTree,accuracy,0.45985401459854014
GradientBoostingTree,accuracy,0.5182481751824818
GradientBoostingTree,accuracy,0.48905109489051096
GradientBoostingTree,accuracy,0.4744525547445255
GradientBoostingTree,accuracy,0.48175182481751827
GradientBoostingTree,accuracy,0.4306569343065693
GradientBoostingTree,accuracy,0.47794117647058826
GradientBoostingTree,accuracy,0.5220588235294118
GradientBoostingTree,accuracy,0.49635036496350365
GradientBoostingTree,accuracy,0.46715328467153283
GradientBoostingTree,accuracy,0.44525547445255476
GradientBoostingTree,accuracy,0.4306569343065693
GradientBoostingTree,accuracy,0.49635036496350365
GradientBoostingTree,accuracy,0.5182481751824818
GradientBoostingTree,accuracy,0.4744525547445255
GradientBoostingTree,accuracy,0.5182481751824818
GradientBoostingTree,accuracy,0.4632352941176471
GradientBoostingTree,accuracy,0.5514705882352942
GradientBoostingTree,accuracy,0.5182481751824818
GradientBoostingTree,accuracy,0.49635036496350365
GradientBoostingTree,accuracy,0.5182481751824818
GradientBoostingTree,accuracy,0.4306569343065693
GradientBoostingTree,accuracy,0.46715328467153283
GradientBoostingTree,accuracy,0.46715328467153283
GradientBoostingTree,accuracy,0.5255474452554745
GradientBoostingTree,accuracy,0.46715328467153283
GradientBoostingTree,accuracy,0.5
GradientBoostingTree,accuracy,0.4411764705882353
GradientBoostingTree,accuracy,0.46715328467153283
GradientBoostingTree,accuracy,0.45255474452554745
GradientBoostingTree,accuracy,0.5036496350364964
GradientBoostingTree,accuracy,0.48905109489051096
GradientBoostingTree,accuracy,0.43795620437956206
GradientBoostingTree,accuracy,0.5182481751824818
GradientBoostingTree,accuracy,0.49635036496350365
GradientBoostingTree,accuracy,0.46715328467153283
GradientBoostingTree,accuracy,0.5147058823529411
GradientBoostingTree,accuracy,0.4852941176470588
GradientBoostingTree,precision,0.2986666666666667
GradientBoostingTree,precision,0.5024321556579622
GradientBoostingTree,precision,0.31510416666666663
GradientBoostingTree,precision,0.23159636062861869
GradientBoostingTree,precision,0.20973370064279154
GradientBoostingTree,precision,0.39764011799410026
GradientBoostingTree,precision,0.4369296833064949
GradientBoostingTree,precision,0.48376401421930537
GradientBoostingTree,precision,0.2258953168044077
GradientBoostingTree,precision,0.35054347826086957
GradientBoostingTree,precision,0.3680760406424122
GradientBoostingTree,precision,0.3489209750038815
GradientBoostingTree,precision,0.502389486260454
GradientBoostingTree,precision,0.44978632478632474
GradientBoostingTree,precision,0.44175627240143367
GradientBoostingTree,precision,0.25413223140495866
GradientBoostingTree,precision,0.3515873015873016
GradientBoostingTree,precision,0.3624338624338624
GradientBoostingTree,precision,0.34371049304677626
GradientBoostingTree,precision,0.47565365668813947
GradientBoostingTree,precision,0.38888888888888884
GradientBoostingTree,precision,0.3497863247863248
GradientBoostingTree,precision,0.33979491501615394
GradientBoostingTree,precision,0.32051282051282054
GradientBoostingTree,precision,0.3333333333333333
GradientBoostingTree,precision,0.4271978021978022
GradientBoostingTree,precision,0.26533333333333337
GradientBoostingTree,precision,0.49180596525729264
GradientBoostingTree,precision,0.45384615384615384
GradientBoostingTree,precision,0.5151515151515151
GradientBoostingTree,precision,0.4548948605552379
GradientBoostingTree,precision,0.3720145379023883
GradientBoostingTree,precision,0.41681957186544344
GradientBoostingTree,precision,0.2761596548004315
GradientBoostingTree,precision,0.36004273504273504
GradientBoostingTree,precision,0.37991509295857123
GradientBoostingTree,precision,0.5803811057434246
GradientBoostingTree,precision,0.42764951098284437
GradientBoostingTree,precision,0.39578491683754846
GradientBoostingTree,precision,0.40392976588628765
GradientBoostingTree,precision,0.3
GradientBoostingTree,precision,0.3229217110573043
GradientBoostingTree,precision,0.47635445362718093
GradientBoostingTree,precision,0.41393596986817327
GradientBoostingTree,precision,0.42777777777777776
GradientBoostingTree,precision,0.5873333333333334
GradientBoostingTree,precision,0.40838041431261773
GradientBoostingTree,precision,0.3228650137741047
GradientBoostingTree,precision,0.6315616797900262
GradientBoostingTree,precision,0.346011396011396
GradientBoostingTree,recall,0.33810960281548513
GradientBoostingTree,recall,0.3671658986175115
GradientBoostingTree,recall,0.3198183929891247
GradientBoostingTree,recall,0.31823461091753774
GradientBoostingTree,recall,0.31929046563192903
GradientBoostingTree,recall,0.36563235476278955
GradientBoostingTree,recall,0.37137476459510355
GradientBoostingTree,recall,0.43399014778325123
GradientBoostingTree,recall,0.31263616557734203
GradientBoostingTree,recall,0.35656589268089967
GradientBoostingTree,recall,0.34395158367761103
GradientBoostingTree,recall,0.3546388252270605
GradientBoostingTree,recall,0.3750526053130436
GradientBoostingTree,recall,0.3612433862433862
GradientBoostingTree,recall,0.35984232569598423
GradientBoostingTree,recall,0.3307669082125604
GradientBoostingTree,recall,0.3671239837398374
GradientBoostingTree,recall,0.32976568405139833
GradientBoostingTree,recall,0.36254436254436256
GradientBoostingTree,recall,0.39051962410171365
GradientBoostingTree,recall,0.36239316239316244
GradientBoostingTree,recall,0.337043916286553
GradientBoostingTree,recall,0.3241731035848683
GradientBoostingTree,recall,0.3241869918699187
GradientBoostingTree,recall,0.3690637720488467
GradientBoostingTree,recall,0.40076489533011267
GradientBoostingTree,recall,0.3381313131313131
GradientBoostingTree,recall,0.3922360248447205
GradientBoostingTree,recall,0.36879511064140064
GradientBoostingTree,recall,0.3878439720448294
GradientBoostingTree,recall,0.3927063027940221
GradientBoostingTree,recall,0.384453781512605
GradientBoostingTree,recall,0.38233116648609605
GradientBoostingTree,recall,0.3226164079822616
GradientBoostingTree,recall,0.3355855855855856
GradientBoostingTree,recall,0.37254397254397253
GradientBoostingTree,recall,0.4402116402116402
GradientBoostingTree,recall,0.3811348101141861
GradientBoostingTree,recall,0.39442409442409443
GradientBoostingTree,recall,0.3629902915773751
GradientBoostingTree,recall,0.3398692810457516
GradientBoostingTree,recall,0.33705475810738966
GradientBoostingTree,recall,0.3801045007968691
GradientBoostingTree,recall,0.3654139433551198
GradientBoostingTree,recall,0.3417089513400989
GradientBoostingTree,recall,0.3886801239742416
GradientBoostingTree,recall,0.36444274679568794
GradientBoostingTree,recall,0.330272849880693
GradientBoostingTree,recall,0.3627450980392157
GradientBoostingTree,recall,0.3418331374853114
GradientBoostingTree,macro_F1,0.26858411758485773
GradientBoostingTree,macro_F1,0.30774338628767206
GradientBoostingTree,macro_F1,0.2316557952627909
GradientBoostingTree,macro_F1,0.2271604938271605
GradientBoostingTree,macro_F1,0.23771326712503182
GradientBoostingTree,macro_F1,0.3418815849007821
GradientBoostingTree,macro_F1,0.33027372485076795
GradientBoostingTree,macro_F1,0.42748828232699204
GradientBoostingTree,macro_F1,0.24000900596645278
GradientBoostingTree,macro_F1,0.30725876378050293
GradientBoostingTree,macro_F1,0.31082062454611475
GradientBoostingTree,macro_F1,0.31159479273500795
GradientBoostingTree,macro_F1,0.3031942778444178
GradientBoostingTree,macro_F1,0.32046568627450983
GradientBoostingTree,macro_F1,0.2995965850455014
GradientBoostingTree,macro_F1,0.2629984051036683
GradientBoostingTree,macro_F1,0.30711462450592886
GradientBoostingTree,macro_F1,0.25541263759654564
GradientBoostingTree,macro_F1,0.31279906579188305
GradientBoostingTree,macro_F1,0.35718699789889996
GradientBoostingTree,macro_F1,0.2927689594356261
GradientBoostingTree,macro_F1,0.28497909798722804
GradientBoostingTree,macro_F1,0.2727382432723133
GradientBoostingTree,macro_F1,0.2641971718738221
GradientBoostingTree,macro_F1,0.3052937754508435
GradientBoostingTree,macro_F1,0.3815336203532127
GradientBoostingTree,macro_F1,0.25640488656195465
GradientBoostingTree,macro_F1,0.37055777218049024
GradientBoostingTree,macro_F1,0.31924065506352356
GradientBoostingTree,macro_F1,0.3535731244064577
GradientBoostingTree,macro_F1,0.3839367457344985
GradientBoostingTree,macro_F1,0.3468038740920097
GradientBoostingTree,macro_F1,0.361437908496732
GradientBoostingTree,macro_F1,0.2832347140039448
GradientBoostingTree,macro_F1,0.3202890569106528
GradientBoostingTree,macro_F1,0.3570391872278665
GradientBoostingTree,macro_F1,0.4192505479101198
GradientBoostingTree,macro_F1,0.3413065473008672
GradientBoostingTree,macro_F1,0.3542279942279943
GradientBoostingTree,macro_F1,0.30793257927231926
GradientBoostingTree,macro_F1,0.2885763000852515
GradientBoostingTree,macro_F1,0.27876320375190927
GradientBoostingTree,macro_F1,0.3232105420784666
GradientBoostingTree,macro_F1,0.3241446725317693
GradientBoostingTree,macro_F1,0.27402730275658455
GradientBoostingTree,macro_F1,0.3352765275609035
GradientBoostingTree,macro_F1,0.3260220707029218
GradientBoostingTree,macro_F1,0.2702093940301487
GradientBoostingTree,macro_F1,0.2923076923076923
GradientBoostingTree,macro_F1,0.2895278872508474
GradientBoostingTree,micro_F1,0.48175182481751827
GradientBoostingTree,micro_F1,0.46715328467153283
GradientBoostingTree,micro_F1,0.4306569343065693
GradientBoostingTree,micro_F1,0.3795620437956204
GradientBoostingTree,micro_F1,0.45255474452554745
GradientBoostingTree,micro_F1,0.5474452554744526
GradientBoostingTree,micro_F1,0.44525547445255476
GradientBoostingTree,micro_F1,0.5912408759124088
GradientBoostingTree,micro_F1,0.45588235294117646
GradientBoostingTree,micro_F1,0.5
GradientBoostingTree,micro_F1,0.49635036496350365
GradientBoostingTree,micro_F1,0.48905109489051096
GradientBoostingTree,micro_F1,0.45985401459854014
GradientBoostingTree,micro_F1,0.5182481751824818
GradientBoostingTree,micro_F1,0.48905109489051096
GradientBoostingTree,micro_F1,0.4744525547445255
GradientBoostingTree,micro_F1,0.48175182481751827
GradientBoostingTree,micro_F1,0.4306569343065693
GradientBoostingTree,micro_F1,0.47794117647058826
GradientBoostingTree,micro_F1,0.5220588235294118
GradientBoostingTree,micro_F1,0.49635036496350365
GradientBoostingTree,micro_F1,0.46715328467153283
GradientBoostingTree,micro_F1,0.44525547445255476
GradientBoostingTree,micro_F1,0.4306569343065693
GradientBoostingTree,micro_F1,0.49635036496350365
GradientBoostingTree,micro_F1,0.5182481751824818
GradientBoostingTree,micro_F1,0.4744525547445255
GradientBoostingTree,micro_F1,0.5182481751824818
GradientBoostingTree,micro_F1,0.4632352941176471
GradientBoostingTree,micro_F1,0.5514705882352942
GradientBoostingTree,micro_F1,0.5182481751824818
GradientBoostingTree,micro_F1,0.49635036496350365
GradientBoostingTree,micro_F1,0.5182481751824818
GradientBoostingTree,micro_F1,0.4306569343065693
GradientBoostingTree,micro_F1,0.46715328467153283
GradientBoostingTree,micro_F1,0.46715328467153283
GradientBoostingTree,micro_F1,0.5255474452554745
GradientBoostingTree,micro_F1,0.46715328467153283
GradientBoostingTree,micro_F1,0.5
GradientBoostingTree,micro_F1,0.4411764705882353
GradientBoostingTree,micro_F1,0.46715328467153283
GradientBoostingTree,micro_F1,0.45255474452554745
GradientBoostingTree,micro_F1,0.5036496350364964
GradientBoostingTree,micro_F1,0.48905109489051096
GradientBoostingTree,micro_F1,0.43795620437956206
GradientBoostingTree,micro_F1,0.5182481751824818
GradientBoostingTree,micro_F1,0.49635036496350365
GradientBoostingTree,micro_F1,0.46715328467153283
GradientBoostingTree,micro_F1,0.5147058823529411
GradientBoostingTree,micro_F1,0.4852941176470588
Bagging,accuracy,0.45255474452554745
Bagging,accuracy,0.46715328467153283
Bagging,accuracy,0.4233576642335766
Bagging,accuracy,0.40875912408759124
Bagging,accuracy,0.4744525547445255
Bagging,accuracy,0.45985401459854014
Bagging,accuracy,0.3722627737226277
Bagging,accuracy,0.4744525547445255
Bagging,accuracy,0.41911764705882354
Bagging,accuracy,0.4411764705882353
Bagging,accuracy,0.45985401459854014
Bagging,accuracy,0.43795620437956206
Bagging,accuracy,0.43795620437956206
Bagging,accuracy,0.41605839416058393
Bagging,accuracy,0.48175182481751827
Bagging,accuracy,0.46715328467153283
Bagging,accuracy,0.46715328467153283
Bagging,accuracy,0.45985401459854014
Bagging,accuracy,0.40441176470588236
Bagging,accuracy,0.47058823529411764
Bagging,accuracy,0.4306569343065693
Bagging,accuracy,0.45985401459854014
Bagging,accuracy,0.39416058394160586
Bagging,accuracy,0.40145985401459855
Bagging,accuracy,0.4306569343065693
Bagging,accuracy,0.4744525547445255
Bagging,accuracy,0.41605839416058393
Bagging,accuracy,0.40145985401459855
Bagging,accuracy,0.39705882352941174
Bagging,accuracy,0.4852941176470588
Bagging,accuracy,0.4744525547445255
Bagging,accuracy,0.5182481751824818
Bagging,accuracy,0.4744525547445255
Bagging,accuracy,0.5036496350364964
Bagging,accuracy,0.44525547445255476
Bagging,accuracy,0.4744525547445255
Bagging,accuracy,0.4233576642335766
Bagging,accuracy,0.44525547445255476
Bagging,accuracy,0.4632352941176471
Bagging,accuracy,0.4411764705882353
Bagging,accuracy,0.40145985401459855
Bagging,accuracy,0.45985401459854014
Bagging,accuracy,0.49635036496350365
Bagging,accuracy,0.43795620437956206
Bagging,accuracy,0.35036496350364965
Bagging,accuracy,0.45985401459854014
Bagging,accuracy,0.44525547445255476
Bagging,accuracy,0.45985401459854014
Bagging,accuracy,0.45588235294117646
Bagging,accuracy,0.5073529411764706
Bagging,precision,0.3620532813515269
Bagging,precision,0.41972059779077325
Bagging,precision,0.32802721088435377
Bagging,precision,0.3883682182651255
Bagging,precision,0.39236937175081504
Bagging,precision,0.3317099567099567
Bagging,precision,0.2831765935214211
Bagging,precision,0.3863960113960114
Bagging,precision,0.317416291854073
Bagging,precision,0.33137973137973137
Bagging,precision,0.324625850340136
Bagging,precision,0.3611492673992674
Bagging,precision,0.39819902319902317
Bagging,precision,0.25456694605630775
Bagging,precision,0.42870657034743714
Bagging,precision,0.3237948243041622
Bagging,precision,0.3919399119399119
Bagging,precision,0.40534278959810877
Bagging,precision,0.31150183150183147
Bagging,precision,0.4012698412698413
Bagging,precision,0.35859563123495014
Bagging,precision,0.33211098887666546
Bagging,precision,0.2976697061803445
Bagging,precision,0.2656367041198502
Bagging,precision,0.3536039124274419
Bagging,precision,0.39323308270676693
Bagging,precision,0.324448971507795
Bagging,precision,0.3124653124653125
Bagging,precision,0.3307453416149068
Bagging,precision,0.3769955817378498
Bagging,precision,0.4137291280148423
Bagging,precision,0.43478906714200827
Bagging,precision,0.34070529860003546
Bagging,precision,0.45538720538720545
Bagging,precision,0.329237071172555
Bagging,precision,0.3891449052739375
Bagging,precision,0.36989795918367346
Bagging,precision,0.37563131313131315
Bagging,precision,0.3828972959407742
Bagging,precision,0.3632038065027756
Bagging,precision,0.35721884498480244
Bagging,precision,0.3862646253422952
Bagging,precision,0.43570689145223307
Bagging,precision,0.35322039072039074
Bagging,precision,0.2735183795948987
Bagging,precision,0.36242398378320706
Bagging,precision,0.38335414065751144
Bagging,precision,0.3786676286676287
Bagging,precision,0.3945389056623762
Bagging,precision,0.4232473544973545
Bagging,recall,0.35899949723479135
Bagging,recall,0.38137480798771123
Bagging,recall,0.3411818533769753
Bagging,recall,0.3672183507549361
Bagging,recall,0.38024143877802413
Bagging,recall,0.3347888021801066
Bagging,recall,0.3062617702448211
Bagging,recall,0.38279967159277506
Bagging,recall,0.3264569716775599
Bagging,recall,0.34598202690769303
Bagging,recall,0.33519968109009207
Bagging,recall,0.35244885833121126
Bagging,recall,0.3821845822672611
Bagging,recall,0.30304232804232806
Bagging,recall,0.38837152007883713
Bagging,recall,0.36946457326892107
Bagging,recall,0.38109756097560976
Bagging,recall,0.37862433862433864
Bagging,recall,0.3239148239148239
Bagging,recall,0.38325041459369813
Bagging,recall,0.34017094017094013
Bagging,recall,0.36774362019803813
Bagging,recall,0.30897207367795604
Bagging,recall,0.3244410569105691
Bagging,recall,0.3404231911694598
Bagging,recall,0.3806360708534622
Bagging,recall,0.32554578038449006
Bagging,recall,0.3114389233954451
Bagging,recall,0.333456222708318
Bagging,recall,0.3684279590587
Bagging,recall,0.3732131254061079
Bagging,recall,0.42254901960784313
Bagging,recall,0.35695196821957387
Bagging,recall,0.4127617639812762
Bagging,recall,0.32947232947232946
Bagging,recall,0.39000429000429
Bagging,recall,0.3544159544159544
Bagging,recall,0.3686272205574162
Bagging,recall,0.3737077737077737
Bagging,recall,0.3662088447301773
Bagging,recall,0.32006337888690833
Bagging,recall,0.3646996278575226
Bagging,recall,0.4094817325344469
Bagging,recall,0.3486383442265795
Bagging,recall,0.28849531615925056
Bagging,recall,0.36331518684459857
Bagging,recall,0.37263390204566677
Bagging,recall,0.36150015561780274
Bagging,recall,0.37254901960784315
Bagging,recall,0.4127692910301606
Bagging,macro_F1,0.34586354340955566
Bagging,macro_F1,0.34619844171190134
Bagging,macro_F1,0.3120180261715877
Bagging,macro_F1,0.3428528499522414
Bagging,macro_F1,0.362929734598933
Bagging,macro_F1,0.33122261774370204
Bagging,macro_F1,0.2841761091380574
Bagging,macro_F1,0.3788363171355498
Bagging,macro_F1,0.31018139661756683
Bagging,macro_F1,0.32999560825647783
Bagging,macro_F1,0.3187750797759426
Bagging,macro_F1,0.3422636567872461
Bagging,macro_F1,0.35852267414679756
Bagging,macro_F1,0.2752185211433971
Bagging,macro_F1,0.3754313319530711
Bagging,macro_F1,0.33545165745477107
Bagging,macro_F1,0.360054533060668
Bagging,macro_F1,0.36796684108193517
Bagging,macro_F1,0.30683194552014414
Bagging,macro_F1,0.377366629595929
Bagging,macro_F1,0.3155897755451321
Bagging,macro_F1,0.3333568509862716
Bagging,macro_F1,0.2899746419514983
Bagging,macro_F1,0.290002420721375
Bagging,macro_F1,0.31935449166218394
Bagging,macro_F1,0.369454754330152
Bagging,macro_F1,0.30510846166583877
Bagging,macro_F1,0.30020742844414744
Bagging,macro_F1,0.3143378672790438
Bagging,macro_F1,0.3578920071457385
Bagging,macro_F1,0.37118553960659223
Bagging,macro_F1,0.4035079945349138
Bagging,macro_F1,0.33747200150897133
Bagging,macro_F1,0.4056381621599012
Bagging,macro_F1,0.3211009438554349
Bagging,macro_F1,0.37198764986567223
Bagging,macro_F1,0.3266167050612856
Bagging,macro_F1,0.34205567905155077
Bagging,macro_F1,0.3521343221042034
Bagging,macro_F1,0.33643533643533646
Bagging,macro_F1,0.3049678175446335
Bagging,macro_F1,0.3316472843710529
Bagging,macro_F1,0.3956252991341426
Bagging,macro_F1,0.34064989517819705
Bagging,macro_F1,0.2715275983811246
Bagging,macro_F1,0.33694527531651525
Bagging,macro_F1,0.36862205574053525
Bagging,macro_F1,0.34939138721817264
Bagging,macro_F1,0.363440303657695
Bagging,macro_F1,0.40423927544518196
Bagging,micro_F1,0.45255474452554745
Bagging,micro_F1,0.46715328467153283
Bagging,micro_F1,0.4233576642335766
Bagging,micro_F1,0.40875912408759124
Bagging,micro_F1,0.4744525547445255
Bagging,micro_F1,0.45985401459854014
Bagging,micro_F1,0.3722627737226277
Bagging,micro_F1,0.4744525547445255
Bagging,micro_F1,0.41911764705882354
Bagging,micro_F1,0.4411764705882353
Bagging,micro_F1,0.45985401459854014
Bagging,micro_F1,0.43795620437956206
Bagging,micro_F1,0.43795620437956206
Bagging,micro_F1,0.41605839416058393
Bagging,micro_F1,0.48175182481751827
Bagging,micro_F1,0.46715328467153283
Bagging,micro_F1,0.46715328467153283
Bagging,micro_F1,0.45985401459854014
Bagging,micro_F1,0.40441176470588236
Bagging,micro_F1,0.47058823529411764
Bagging,micro_F1,0.4306569343065693
Bagging,micro_F1,0.45985401459854014
Bagging,micro_F1,0.39416058394160586
Bagging,micro_F1,0.40145985401459855
Bagging,micro_F1,0.4306569343065693
Bagging,micro_F1,0.4744525547445255
Bagging,micro_F1,0.41605839416058393
Bagging,micro_F1,0.40145985401459855
Bagging,micro_F1,0.39705882352941174
Bagging,micro_F1,0.4852941176470588
Bagging,micro_F1,0.4744525547445255
Bagging,micro_F1,0.5182481751824818
Bagging,micro_F1,0.4744525547445255
Bagging,micro_F1,0.5036496350364964
Bagging,micro_F1,0.44525547445255476
Bagging,micro_F1,0.4744525547445255
Bagging,micro_F1,0.4233576642335766
Bagging,micro_F1,0.44525547445255476
Bagging,micro_F1,0.4632352941176471
Bagging,micro_F1,0.4411764705882353
Bagging,micro_F1,0.40145985401459855
Bagging,micro_F1,0.45985401459854014
Bagging,micro_F1,0.49635036496350365
Bagging,micro_F1,0.43795620437956206
Bagging,micro_F1,0.35036496350364965
Bagging,micro_F1,0.45985401459854014
Bagging,micro_F1,0.44525547445255476
Bagging,micro_F1,0.45985401459854014
Bagging,micro_F1,0.45588235294117646
Bagging,micro_F1,0.5073529411764706
RandomForest,accuracy,0.49635036496350365
RandomForest,accuracy,0.45985401459854014
RandomForest,accuracy,0.44525547445255476
RandomForest,accuracy,0.40145985401459855
RandomForest,accuracy,0.46715328467153283
RandomForest,accuracy,0.5693430656934306
RandomForest,accuracy,0.41605839416058393
RandomForest,accuracy,0.5912408759124088
RandomForest,accuracy,0.49264705882352944
RandomForest,accuracy,0.5294117647058824
RandomForest,accuracy,0.5182481751824818
RandomForest,accuracy,0.5036496350364964
RandomForest,accuracy,0.43795620437956206
RandomForest,accuracy,0.5255474452554745
RandomForest,accuracy,0.48905109489051096
RandomForest,accuracy,0.5036496350364964
RandomForest,accuracy,0.48905109489051096
RandomForest,accuracy,0.45985401459854014
RandomForest,accuracy,0.4852941176470588
RandomForest,accuracy,0.5147058823529411
RandomForest,accuracy,0.5036496350364964
RandomForest,accuracy,0.5036496350364964
RandomForest,accuracy,0.48905109489051096
RandomForest,accuracy,0.4744525547445255
RandomForest,accuracy,0.48905109489051096
RandomForest,accuracy,0.48905109489051096
RandomForest,accuracy,0.4744525547445255
RandomForest,accuracy,0.5255474452554745
RandomForest,accuracy,0.47058823529411764
RandomForest,accuracy,0.5294117647058824
RandomForest,accuracy,0.5401459854014599
RandomForest,accuracy,0.5182481751824818
RandomForest,accuracy,0.5109489051094891
RandomForest,accuracy,0.5036496350364964
RandomForest,accuracy,0.5109489051094891
RandomForest,accuracy,0.49635036496350365
RandomForest,accuracy,0.45255474452554745
RandomForest,accuracy,0.44525547445255476
RandomForest,accuracy,0.5
RandomForest,accuracy,0.4338235294117647
RandomForest,accuracy,0.49635036496350365
RandomForest,accuracy,0.4744525547445255
RandomForest,accuracy,0.48175182481751827
RandomForest,accuracy,0.48905109489051096
RandomForest,accuracy,0.45985401459854014
RandomForest,accuracy,0.5036496350364964
RandomForest,accuracy,0.5255474452554745
RandomForest,accuracy,0.48175182481751827
RandomForest,accuracy,0.5073529411764706
RandomForest,accuracy,0.47794117647058826
RandomForest,precision,0.23585858585858585
RandomForest,precision,0.3515151515151515
RandomForest,precision,0.15288220551378445
RandomForest,precision,0.13480392156862744
RandomForest,precision,0.15920398009950248
RandomForest,precision,0.3044953350296862
RandomForest,precision,0.23376623376623376
RandomForest,precision,0.5100446428571429
RandomForest,precision,0.25127226463104324
RandomForest,precision,0.3828125
RandomForest,precision,0.27080327080327077
RandomForest,precision,0.26703296703296703
RandomForest,precision,0.3123456790123457
RandomForest,precision,0.30329457364341084
RandomForest,precision,0.32957393483709274
RandomForest,precision,0.33456790123456787
RandomForest,precision,0.41040100250626566
RandomForest,precision,0.15328467153284672
RandomForest,precision,0.29618320610687027
RandomForest,precision,0.4346055979643766
RandomForest,precision,0.4962406015037594
RandomForest,precision,0.33456790123456787
RandomForest,precision,0.2487468671679198
RandomForest,precision,0.3244274809160305
RandomForest,precision,0.32962962962962966
RandomForest,precision,0.2631967515688446
RandomForest,precision,0.16049382716049382
RandomForest,precision,0.3952502120441051
RandomForest,precision,0.37606837606837606
RandomForest,precision,0.37557251908396944
RandomForest,precision,0.7021040974529346
RandomForest,precision,0.4358585858585859
RandomForest,precision,0.30505050505050507
RandomForest,precision,0.49751243781094523
RandomForest,precision,0.22454212454212455
RandomForest,precision,0.21941391941391938
RandomForest,precision,0.2107718405428329
RandomForest,precision,0.2337092731829574
RandomForest,precision,0.4962406015037594
RandomForest,precision,0.23091603053435117
RandomForest,precision,0.3013123359580053
RandomForest,precision,0.22828282828282828
RandomForest,precision,0.3814262023217247
RandomForest,precision,0.26797900262467195
RandomForest,precision,0.33622685185185186
RandomForest,precision,0.3876166242578456
RandomForest,precision,0.396351575456053
RandomForest,precision,0.2222222222222222
RandomForest,precision,0.33585858585858586
RandomForest,precision,0.24739583333333334
RandomForest,recall,0.3369783810960281
RandomForest,recall,0.34758064516129034
RandomForest,recall,0.32275132275132273
RandomForest,recall,0.3273809523809524
RandomForest,recall,0.32323232323232326
RandomForest,recall,0.3433048433048433
RandomForest,recall,0.3259180790960452
RandomForest,recall,0.3672208538587849
RandomForest,recall,0.33278867102396514
RandomForest,recall,0.3699677938808374
RandomForest,recall,0.33828006088280055
RandomForest,recall,0.3386554621848739
RandomForest,recall,0.34146341463414637
RandomForest,recall,0.34801587301587306
RandomForest,recall,0.34454299088445434
RandomForest,recall,0.33891908212560384
RandomForest,recall,0.35772357723577236
RandomForest,recall,0.3333333333333333
RandomForest,recall,0.3434343434343434
RandomForest,recall,0.35798783858485345
RandomForest,recall,0.36296296296296293
RandomForest,recall,0.33925510363098027
RandomForest,recall,0.333630421865716
RandomForest,recall,0.34730691056910573
RandomForest,recall,0.33845921905623394
RandomForest,recall,0.3325281803542673
RandomForest,recall,0.3282828282828283
RandomForest,recall,0.36183574879227054
RandomForest,recall,0.3568543597053932
RandomForest,recall,0.3477531857813548
RandomForest,recall,0.3668778427550358
RandomForest,recall,0.36652661064425773
RandomForest,recall,0.3359154929577464
RandomForest,recall,0.35772357723577236
RandomForest,recall,0.32033462033462035
RandomForest,recall,0.33015873015873015
RandomForest,recall,0.3312983312983313
RandomForest,recall,0.3352762598664238
RandomForest,recall,0.3611111111111111
RandomForest,recall,0.3346280602636535
RandomForest,recall,0.35076252723311546
RandomForest,recall,0.3333333333333333
RandomForest,recall,0.34446529080675425
RandomForest,recall,0.3359477124183006
RandomForest,recall,0.35166211293260474
RandomForest,recall,0.36431886431886434
RandomForest,recall,0.35294117647058826
RandomForest,recall,0.3265639589169001
RandomForest,recall,0.34803921568627455
RandomForest,recall,0.32236584410497454
RandomForest,macro_F1,0.2384848484848485
RandomForest,macro_F1,0.2506300114547537
RandomForest,macro_F1,0.20748299319727892
RandomForest,macro_F1,0.1909722222222222
RandomForest,macro_F1,0.21333333333333335
RandomForest,macro_F1,0.2741702741702742
RandomForest,macro_F1,0.22849289967934036
RandomForest,macro_F1,0.3245726495726496
RandomForest,macro_F1,0.23777219430485763
RandomForest,macro_F1,0.3024919243193355
RandomForest,macro_F1,0.27035888663174024
RandomForest,macro_F1,0.25585365853658537
RandomForest,macro_F1,0.218253016862463
RandomForest,macro_F1,0.27536734930001155
RandomForest,macro_F1,0.2473850735157268
RandomForest,macro_F1,0.24183006535947713
RandomForest,macro_F1,0.26102650874224476
RandomForest,macro_F1,0.21
RandomForest,macro_F1,0.2516697835960459
RandomForest,macro_F1,0.27555555555555555
RandomForest,macro_F1,0.27327698756270186
RandomForest,macro_F1,0.24242424242424243
RandomForest,macro_F1,0.23692349065483395
RandomForest,macro_F1,0.25451900345517364
RandomForest,macro_F1,0.23686940122583688
RandomForest,macro_F1,0.24986297079320333
RandomForest,macro_F1,0.21558872305140964
RandomForest,macro_F1,0.2846376811594203
RandomForest,macro_F1,0.2607061350516848
RandomForest,macro_F1,0.2702759637665894
RandomForest,macro_F1,0.3119245044618179
RandomForest,macro_F1,0.29000000000000004
RandomForest,macro_F1,0.252946542601715
RandomForest,macro_F1,0.26545454545454544
RandomForest,macro_F1,0.24136321195144728
RandomForest,macro_F1,0.24135135135135136
RandomForest,macro_F1,0.22443680794196255
RandomForest,macro_F1,0.21979100918718006
RandomForest,macro_F1,0.2701372701372701
RandomForest,macro_F1,0.2163292847503374
RandomForest,macro_F1,0.2767744332961724
RandomForest,macro_F1,0.23303207513733834
RandomForest,macro_F1,0.24470839043703366
RandomForest,macro_F1,0.2551670551670552
RandomForest,macro_F1,0.2630650700826139
RandomForest,macro_F1,0.28198166292842247
RandomForest,macro_F1,0.26479420597067654
RandomForest,macro_F1,0.23274410774410773
RandomForest,macro_F1,0.25842105263157894
RandomForest,macro_F1,0.24282759917277685
RandomForest,micro_F1,0.49635036496350365
RandomForest,micro_F1,0.45985401459854014
RandomForest,micro_F1,0.44525547445255476
RandomForest,micro_F1,0.40145985401459855
RandomForest,micro_F1,0.46715328467153283
RandomForest,micro_F1,0.5693430656934306
RandomForest,micro_F1,0.41605839416058393
RandomForest,micro_F1,0.5912408759124088
RandomForest,micro_F1,0.49264705882352944
RandomForest,micro_F1,0.5294117647058824
RandomForest,micro_F1,0.5182481751824818
RandomForest,micro_F1,0.5036496350364964
RandomForest,micro_F1,0.43795620437956206
RandomForest,micro_F1,0.5255474452554745
RandomForest,micro_F1,0.48905109489051096
RandomForest,micro_F1,0.5036496350364964
RandomForest,micro_F1,0.48905109489051096
RandomForest,micro_F1,0.45985401459854014
RandomForest,micro_F1,0.4852941176470588
RandomForest,micro_F1,0.5147058823529411
RandomForest,micro_F1,0.5036496350364964
RandomForest,micro_F1,0.5036496350364964
RandomForest,micro_F1,0.48905109489051096
RandomForest,micro_F1,0.4744525547445255
RandomForest,micro_F1,0.48905109489051096
RandomForest,micro_F1,0.48905109489051096
RandomForest,micro_F1,0.4744525547445255
RandomForest,micro_F1,0.5255474452554745
RandomForest,micro_F1,0.47058823529411764
RandomForest,micro_F1,0.5294117647058824
RandomForest,micro_F1,0.5401459854014599
RandomForest,micro_F1,0.5182481751824818
RandomForest,micro_F1,0.5109489051094891
RandomForest,micro_F1,0.5036496350364964
RandomForest,micro_F1,0.5109489051094891
RandomForest,micro_F1,0.49635036496350365
RandomForest,micro_F1,0.45255474452554745
RandomForest,micro_F1,0.44525547445255476
RandomForest,micro_F1,0.5
RandomForest,micro_F1,0.4338235294117647
RandomForest,micro_F1,0.49635036496350365
RandomForest,micro_F1,0.4744525547445255
RandomForest,micro_F1,0.48175182481751827
RandomForest,micro_F1,0.48905109489051096
RandomForest,micro_F1,0.45985401459854014
RandomForest,micro_F1,0.5036496350364964
RandomForest,micro_F1,0.5255474452554745
RandomForest,micro_F1,0.48175182481751827
RandomForest,micro_F1,0.5073529411764706
RandomForest,micro_F1,0.47794117647058826
LinearSVC,accuracy,0.48905109489051096
LinearSVC,accuracy,0.44525547445255476
LinearSVC,accuracy,0.40875912408759124
LinearSVC,accuracy,0.41605839416058393
LinearSVC,accuracy,0.5036496350364964
LinearSVC,accuracy,0.5328467153284672
LinearSVC,accuracy,0.4306569343065693
LinearSVC,accuracy,0.5109489051094891
LinearSVC,accuracy,0.4632352941176471
LinearSVC,accuracy,0.49264705882352944
LinearSVC,accuracy,0.5109489051094891
LinearSVC,accuracy,0.48905109489051096
LinearSVC,accuracy,0.4233576642335766
LinearSVC,accuracy,0.48905109489051096
LinearSVC,accuracy,0.46715328467153283
LinearSVC,accuracy,0.46715328467153283
LinearSVC,accuracy,0.4744525547445255
LinearSVC,accuracy,0.45255474452554745
LinearSVC,accuracy,0.4485294117647059
LinearSVC,accuracy,0.5
LinearSVC,accuracy,0.48175182481751827
LinearSVC,accuracy,0.44525547445255476
LinearSVC,accuracy,0.4744525547445255
LinearSVC,accuracy,0.44525547445255476
LinearSVC,accuracy,0.4744525547445255
LinearSVC,accuracy,0.4744525547445255
LinearSVC,accuracy,0.45255474452554745
LinearSVC,accuracy,0.48905109489051096
LinearSVC,accuracy,0.4632352941176471
LinearSVC,accuracy,0.5441176470588235
LinearSVC,accuracy,0.5255474452554745
LinearSVC,accuracy,0.5036496350364964
LinearSVC,accuracy,0.48175182481751827
LinearSVC,accuracy,0.5182481751824818
LinearSVC,accuracy,0.5255474452554745
LinearSVC,accuracy,0.49635036496350365
LinearSVC,accuracy,0.40875912408759124
LinearSVC,accuracy,0.44525547445255476
LinearSVC,accuracy,0.4852941176470588
LinearSVC,accuracy,0.4338235294117647
LinearSVC,accuracy,0.48175182481751827
LinearSVC,accuracy,0.4744525547445255
LinearSVC,accuracy,0.48905109489051096
LinearSVC,accuracy,0.5182481751824818
LinearSVC,accuracy,0.44525547445255476
LinearSVC,accuracy,0.48175182481751827
LinearSVC,accuracy,0.5109489051094891
LinearSVC,accuracy,0.44525547445255476
LinearSVC,accuracy,0.47794117647058826
LinearSVC,accuracy,0.47794117647058826
LinearSVC,precision,0.23460559796437655
LinearSVC,precision,0.28346055979643764
LinearSVC,precision,0.14470284237726097
LinearSVC,precision,0.30493827160493825
LinearSVC,precision,0.3679389312977099
LinearSVC,precision,0.22453703703703706
LinearSVC,precision,0.3853217489581126
LinearSVC,precision,0.21263289555972484
LinearSVC,precision,0.275089605734767
LinearSVC,precision,0.28191000918273645
LinearSVC,precision,0.5791666666666667
LinearSVC,precision,0.22478632478632476
LinearSVC,precision,0.2261904761904762
LinearSVC,precision,0.3293338332708411
LinearSVC,precision,0.27377777777777773
LinearSVC,precision,0.21834625322997414
LinearSVC,precision,0.3244274809160305
LinearSVC,precision,0.29413919413919415
LinearSVC,precision,0.20509936257967754
LinearSVC,precision,0.36795865633074937
LinearSVC,precision,0.4090909090909091
LinearSVC,precision,0.19576719576719573
LinearSVC,precision,0.21840542832909246
LinearSVC,precision,0.2014652014652015
LinearSVC,precision,0.2394284047827355
LinearSVC,precision,0.23813657407407407
LinearSVC,precision,0.22666666666666666
LinearSVC,precision,0.23460559796437655
LinearSVC,precision,0.5
LinearSVC,precision,0.4163898117386489
LinearSVC,precision,0.31978021978021975
LinearSVC,precision,0.5012919896640827
LinearSVC,precision,0.21428571428571427
LinearSVC,precision,0.4259259259259259
LinearSVC,precision,0.416005291005291
LinearSVC,precision,0.24594907407407407
LinearSVC,precision,0.20952380952380953
LinearSVC,precision,0.21933842239185752
LinearSVC,precision,0.44062765055131464
LinearSVC,precision,0.43422025129342207
LinearSVC,precision,0.26535433070866143
LinearSVC,precision,0.3018315018315018
LinearSVC,precision,0.3306878306878307
LinearSVC,precision,0.3717171717171717
LinearSVC,precision,0.5662729658792651
LinearSVC,precision,0.273960983884648
LinearSVC,precision,0.31465201465201464
LinearSVC,precision,0.15885416666666666
LinearSVC,precision,0.25802879291251385
LinearSVC,precision,0.20964566929133857
LinearSVC,recall,0.3320764203117144
LinearSVC,recall,0.33387096774193553
LinearSVC,recall,0.2962962962962963
LinearSVC,recall,0.34146341463414637
LinearSVC,recall,0.35772357723577236
LinearSVC,recall,0.31695156695156695
LinearSVC,recall,0.3452683615819209
LinearSVC,recall,0.29899425287356324
LinearSVC,recall,0.3175381263616558
LinearSVC,recall,0.34581320450885666
LinearSVC,recall,0.34105240269623827
LinearSVC,recall,0.32408963585434175
LinearSVC,recall,0.3301639796058978
LinearSVC,recall,0.32156084656084655
LinearSVC,recall,0.33247105198324706
LinearSVC,recall,0.31476449275362317
LinearSVC,recall,0.34730691056910573
LinearSVC,recall,0.3325774754346183
LinearSVC,recall,0.3131313131313131
LinearSVC,recall,0.3456053067993367
LinearSVC,recall,0.34529914529914535
LinearSVC,recall,0.3006077606358111
LinearSVC,recall,0.32382650029708854
LinearSVC,recall,0.320630081300813
LinearSVC,recall,0.3336348560229157
LinearSVC,recall,0.32286634460547503
LinearSVC,recall,0.3196969696969697
LinearSVC,recall,0.32717391304347826
LinearSVC,recall,0.3592015467675998
LinearSVC,recall,0.3636262016543707
LinearSVC,recall,0.34576023391812866
LinearSVC,recall,0.35672268907563026
LinearSVC,recall,0.3134976525821596
LinearSVC,recall,0.3801428923380143
LinearSVC,recall,0.3467824967824968
LinearSVC,recall,0.3365079365079365
LinearSVC,recall,0.3028083028083028
LinearSVC,recall,0.3352762598664238
LinearSVC,recall,0.34698819698819694
LinearSVC,recall,0.3443567764140529
LinearSVC,recall,0.33660130718954245
LinearSVC,recall,0.3434343434343434
LinearSVC,recall,0.358599124452783
LinearSVC,recall,0.35555555555555557
LinearSVC,recall,0.3491738225344783
LinearSVC,recall,0.3412503412503412
LinearSVC,recall,0.34845938375350144
LinearSVC,recall,0.29901960784313725
LinearSVC,recall,0.3284313725490196
LinearSVC,recall,0.31818775297036167
LinearSVC,macro_F1,0.23625704278970608
LinearSVC,macro_F1,0.23342928420648626
LinearSVC,macro_F1,0.19444444444444445
LinearSVC,macro_F1,0.2109663541539835
LinearSVC,macro_F1,0.26682851467667185
LinearSVC,macro_F1,0.2478245235526789
LinearSVC,macro_F1,0.2711431252414859
LinearSVC,macro_F1,0.24247400109469072
LinearSVC,macro_F1,0.2435515873015873
LinearSVC,macro_F1,0.2829033367733058
LinearSVC,macro_F1,0.2894293188200639
LinearSVC,macro_F1,0.2366666666666667
LinearSVC,macro_F1,0.21273148148148147
LinearSVC,macro_F1,0.2538304799611333
LinearSVC,macro_F1,0.25291448516579407
LinearSVC,macro_F1,0.22966507177033493
LinearSVC,macro_F1,0.25451900345517364
LinearSVC,macro_F1,0.23951394029114234
LinearSVC,macro_F1,0.22392055267702937
LinearSVC,macro_F1,0.26108843537414966
LinearSVC,macro_F1,0.25401429607375947
LinearSVC,macro_F1,0.2217948717948718
LinearSVC,macro_F1,0.23149937722802047
LinearSVC,macro_F1,0.22007445589919816
LinearSVC,macro_F1,0.2482408771068565
LinearSVC,macro_F1,0.24282759917277685
LinearSVC,macro_F1,0.23609075043630015
LinearSVC,macro_F1,0.2348148148148148
LinearSVC,macro_F1,0.28693497124407225
LinearSVC,macro_F1,0.29802721088435374
LinearSVC,macro_F1,0.27216721672167216
LinearSVC,macro_F1,0.28834222742852184
LinearSVC,macro_F1,0.2297731202145302
LinearSVC,macro_F1,0.31326460481099655
LinearSVC,macro_F1,0.29468367091772946
LinearSVC,macro_F1,0.2564102564102564
LinearSVC,macro_F1,0.21768707482993196
LinearSVC,macro_F1,0.22166666666666668
LinearSVC,macro_F1,0.2527991099419671
LinearSVC,macro_F1,0.2645053142592782
LinearSVC,macro_F1,0.25886287625418064
LinearSVC,macro_F1,0.2608843537414966
LinearSVC,macro_F1,0.2817643636861376
LinearSVC,macro_F1,0.26666666666666666
LinearSVC,macro_F1,0.27038162782843633
LinearSVC,macro_F1,0.2475898162357848
LinearSVC,macro_F1,0.2721138211382114
LinearSVC,macro_F1,0.20748299319727892
LinearSVC,macro_F1,0.24571829474639925
LinearSVC,macro_F1,0.23250188964474675
LinearSVC,micro_F1,0.48905109489051096
LinearSVC,micro_F1,0.44525547445255476
LinearSVC,micro_F1,0.40875912408759124
LinearSVC,micro_F1,0.41605839416058393
LinearSVC,micro_F1,0.5036496350364964
LinearSVC,micro_F1,0.5328467153284672
LinearSVC,micro_F1,0.4306569343065693
LinearSVC,micro_F1,0.5109489051094891
LinearSVC,micro_F1,0.4632352941176471
LinearSVC,micro_F1,0.49264705882352944
LinearSVC,micro_F1,0.5109489051094891
LinearSVC,micro_F1,0.48905109489051096
LinearSVC,micro_F1,0.4233576642335766
LinearSVC,micro_F1,0.48905109489051096
LinearSVC,micro_F1,0.46715328467153283
LinearSVC,micro_F1,0.46715328467153283
LinearSVC,micro_F1,0.4744525547445255
LinearSVC,micro_F1,0.45255474452554745
LinearSVC,micro_F1,0.4485294117647059
LinearSVC,micro_F1,0.5
LinearSVC,micro_F1,0.48175182481751827
LinearSVC,micro_F1,0.44525547445255476
LinearSVC,micro_F1,0.4744525547445255
LinearSVC,micro_F1,0.44525547445255476
LinearSVC,micro_F1,0.4744525547445255
LinearSVC,micro_F1,0.4744525547445255
LinearSVC,micro_F1,0.45255474452554745
LinearSVC,micro_F1,0.48905109489051096
LinearSVC,micro_F1,0.4632352941176471
LinearSVC,micro_F1,0.5441176470588235
LinearSVC,micro_F1,0.5255474452554745
LinearSVC,micro_F1,0.5036496350364964
LinearSVC,micro_F1,0.48175182481751827
LinearSVC,micro_F1,0.5182481751824818
LinearSVC,micro_F1,0.5255474452554745
LinearSVC,micro_F1,0.49635036496350365
LinearSVC,micro_F1,0.40875912408759124
LinearSVC,micro_F1,0.44525547445255476
LinearSVC,micro_F1,0.4852941176470588
LinearSVC,micro_F1,0.4338235294117647
LinearSVC,micro_F1,0.48175182481751827
LinearSVC,micro_F1,0.4744525547445255
LinearSVC,micro_F1,0.48905109489051096
LinearSVC,micro_F1,0.5182481751824818
LinearSVC,micro_F1,0.44525547445255476
LinearSVC,micro_F1,0.48175182481751827
LinearSVC,micro_F1,0.5109489051094891
LinearSVC,micro_F1,0.44525547445255476
LinearSVC,micro_F1,0.47794117647058826
LinearSVC,micro_F1,0.47794117647058826
Stacking,accuracy,0.2568306010928962
Stacking,accuracy,0.3333333333333333
Stacking,accuracy,0.2786885245901639
Stacking,accuracy,0.4262295081967213
Stacking,accuracy,0.33516483516483514
Stacking,accuracy,0.3626373626373626
Stacking,accuracy,0.3791208791208791
Stacking,accuracy,0.4725274725274725
Stacking,accuracy,0.34615384615384615
Stacking,accuracy,0.34615384615384615
Stacking,accuracy,0.36065573770491804
Stacking,accuracy,0.37158469945355194
Stacking,accuracy,0.3989071038251366
Stacking,accuracy,0.3989071038251366
Stacking,accuracy,0.34065934065934067
Stacking,accuracy,0.3516483516483517
Stacking,accuracy,0.3626373626373626
Stacking,accuracy,0.4175824175824176
Stacking,accuracy,0.42857142857142855
Stacking,accuracy,0.38461538461538464
Stacking,accuracy,0.3825136612021858
Stacking,accuracy,0.3442622950819672
Stacking,accuracy,0.34972677595628415
Stacking,accuracy,0.34972677595628415
Stacking,accuracy,0.4010989010989011
Stacking,accuracy,0.35714285714285715
Stacking,accuracy,0.3241758241758242
Stacking,accuracy,0.32967032967032966
Stacking,accuracy,0.3956043956043956
Stacking,accuracy,0.37362637362637363
Stacking,accuracy,0.3770491803278688
Stacking,accuracy,0.3989071038251366
Stacking,accuracy,0.3825136612021858
Stacking,accuracy,0.39344262295081966
Stacking,accuracy,0.4230769230769231
Stacking,accuracy,0.35714285714285715
Stacking,accuracy,0.4010989010989011
Stacking,accuracy,0.29120879120879123
Stacking,accuracy,0.32967032967032966
Stacking,accuracy,0.4230769230769231
Stacking,accuracy,0.44808743169398907
Stacking,accuracy,0.37158469945355194
Stacking,accuracy,0.40437158469945356
Stacking,accuracy,0.4207650273224044
Stacking,accuracy,0.37362637362637363
Stacking,accuracy,0.31868131868131866
Stacking,accuracy,0.34615384615384615
Stacking,accuracy,0.38461538461538464
Stacking,accuracy,0.31868131868131866
Stacking,accuracy,0.34065934065934067
Stacking,precision,0.25916701259167013
Stacking,precision,0.2964581911629994
Stacking,precision,0.2500841750841751
Stacking,precision,0.3801162790697674
Stacking,precision,0.31769841269841276
Stacking,precision,0.33206937514849133
Stacking,precision,0.36335048599199543
Stacking,precision,0.41735198851544864
Stacking,precision,0.30278461959496444
Stacking,precision,0.3013435966782823
Stacking,precision,0.32025822876886706
Stacking,precision,0.3425216156923474
Stacking,precision,0.35355930043063033
Stacking,precision,0.36984192090836876
Stacking,precision,0.3273086437986929
Stacking,precision,0.3313310100269014
Stacking,precision,0.3335664335664335
Stacking,precision,0.39970380929753707
Stacking,precision,0.37878312803284814
Stacking,precision,0.3564170003123492
Stacking,precision,0.3478042624740462
Stacking,precision,0.306284654353983
Stacking,precision,0.3010532520514371
Stacking,precision,0.3235294117647059
Stacking,precision,0.3644377409083292
Stacking,precision,0.3227035517049197
Stacking,precision,0.29484126984126985
Stacking,precision,0.29345941686367216
Stacking,precision,0.3312166290464406
Stacking,precision,0.3315022888056596
Stacking,precision,0.31762626262626265
Stacking,precision,0.37703656683401615
Stacking,precision,0.35877886624155275
Stacking,precision,0.3623279529529529
Stacking,precision,0.39627587500781725
Stacking,precision,0.3122845928873523
Stacking,precision,0.37238314451120474
Stacking,precision,0.27505012531328327
Stacking,precision,0.3086445899114363
Stacking,precision,0.3742856508760833
Stacking,precision,0.4068181818181818
Stacking,precision,0.3121212121212121
Stacking,precision,0.36480936913388046
Stacking,precision,0.35753367003367
Stacking,precision,0.3396548609229187
Stacking,precision,0.29204822954822957
Stacking,precision,0.32367381295952724
Stacking,precision,0.3573192239858906
Stacking,precision,0.2887345679012346
Stacking,precision,0.29632746672966376
Stacking,recall,0.2381002731518195
Stacking,recall,0.294895199459094
Stacking,recall,0.2601914783429653
Stacking,recall,0.37543475121271586
Stacking,recall,0.3213385009723682
Stacking,recall,0.33059604614072174
Stacking,recall,0.36190430698192816
Stacking,recall,0.4166706914593898
Stacking,recall,0.3135824405539587
Stacking,recall,0.2995936888652228
Stacking,recall,0.31804801820853185
Stacking,recall,0.33962011771000533
Stacking,recall,0.3530853274912931
Stacking,recall,0.36924473493100946
Stacking,recall,0.32957367883447125
Stacking,recall,0.33170289855072466
Stacking,recall,0.3374433106575964
Stacking,recall,0.40325755134429003
Stacking,recall,0.379887308458737
Stacking,recall,0.3417035072207486
Stacking,recall,0.349973310339164
Stacking,recall,0.3074507206128394
Stacking,recall,0.30203893151463485
Stacking,recall,0.3271097184140662
Stacking,recall,0.3640806311215293
Stacking,recall,0.3279498914510356
Stacking,recall,0.29433650268706074
Stacking,recall,0.2954910551296093
Stacking,recall,0.33822350489017156
Stacking,recall,0.3300446366020137
Stacking,recall,0.31082890897785426
Stacking,recall,0.37512243878060963
Stacking,recall,0.3594437004365803
Stacking,recall,0.36272986272986274
Stacking,recall,0.3959625189472234
Stacking,recall,0.31161672331417367
Stacking,recall,0.37903696832268263
Stacking,recall,0.27438271604938275
Stacking,recall,0.30451087329018617
Stacking,recall,0.37310690726707735
Stacking,recall,0.4014177580199447
Stacking,recall,0.3117216117216117
Stacking,recall,0.3638820811133035
Stacking,recall,0.357033096926714
Stacking,recall,0.3386381970611361
Stacking,recall,0.29075530921588494
Stacking,recall,0.3227092415851695
Stacking,recall,0.3566980506301543
Stacking,recall,0.2870324748040313
Stacking,recall,0.2876190476190476
Stacking,macro_F1,0.2357793953701882
Stacking,macro_F1,0.29373847209119713
Stacking,macro_F1,0.24999232686716355
Stacking,macro_F1,0.37510357678424905
Stacking,macro_F1,0.3153361344537815
Stacking,macro_F1,0.3262182775732016
Stacking,macro_F1,0.36234673660906286
Stacking,macro_F1,0.41563851453849
Stacking,macro_F1,0.3022110195372966
Stacking,macro_F1,0.2978326931053761
Stacking,macro_F1,0.31857608087116285
Stacking,macro_F1,0.3386210576350876
Stacking,macro_F1,0.35321771451802414
Stacking,macro_F1,0.3694867903351009
Stacking,macro_F1,0.32378951055073985
Stacking,macro_F1,0.33051805911003856
Stacking,macro_F1,0.3314534231200898
Stacking,macro_F1,0.4001241777751427
Stacking,macro_F1,0.37854158336086047
Stacking,macro_F1,0.3440457883216352
Stacking,macro_F1,0.3484603498762791
Stacking,macro_F1,0.3066641488055897
Stacking,macro_F1,0.3011085007172036
Stacking,macro_F1,0.3200139724196586
Stacking,macro_F1,0.3641920095408467
Stacking,macro_F1,0.3227923858064018
Stacking,macro_F1,0.2945530435884007
Stacking,macro_F1,0.29340998115564587
Stacking,macro_F1,0.3298276886512181
Stacking,macro_F1,0.3267482161060143
Stacking,macro_F1,0.3126102292768959
Stacking,macro_F1,0.3742181039933849
Stacking,macro_F1,0.35662650602409646
Stacking,macro_F1,0.35565699996634814
Stacking,macro_F1,0.3946833314222375
Stacking,macro_F1,0.3116950682168073
Stacking,macro_F1,0.3741665218234626
Stacking,macro_F1,0.2745809745809746
Stacking,macro_F1,0.30618736383442263
Stacking,macro_F1,0.3711105305932892
Stacking,macro_F1,0.39864207978273275
Stacking,macro_F1,0.3117927565742529
Stacking,macro_F1,0.3616958996359115
Stacking,macro_F1,0.35510760992688706
Stacking,macro_F1,0.3350704604311708
Stacking,macro_F1,0.29053933800427867
Stacking,macro_F1,0.32277149844254355
Stacking,macro_F1,0.3556964739760439
Stacking,macro_F1,0.28587413210508644
Stacking,macro_F1,0.29125108928523863
Stacking,micro_F1,0.2568306010928962
Stacking,micro_F1,0.3333333333333333
Stacking,micro_F1,0.2786885245901639
Stacking,micro_F1,0.4262295081967213
Stacking,micro_F1,0.33516483516483514
Stacking,micro_F1,0.3626373626373626
Stacking,micro_F1,0.3791208791208791
Stacking,micro_F1,0.4725274725274725
Stacking,micro_F1,0.34615384615384615
Stacking,micro_F1,0.34615384615384615
Stacking,micro_F1,0.36065573770491804
Stacking,micro_F1,0.37158469945355194
Stacking,micro_F1,0.3989071038251366
Stacking,micro_F1,0.3989071038251366
Stacking,micro_F1,0.34065934065934067
Stacking,micro_F1,0.3516483516483517
Stacking,micro_F1,0.3626373626373626
Stacking,micro_F1,0.4175824175824176
Stacking,micro_F1,0.42857142857142855
Stacking,micro_F1,0.38461538461538464
Stacking,micro_F1,0.3825136612021858
Stacking,micro_F1,0.3442622950819672
Stacking,micro_F1,0.34972677595628415
Stacking,micro_F1,0.34972677595628415
Stacking,micro_F1,0.4010989010989011
Stacking,micro_F1,0.35714285714285715
Stacking,micro_F1,0.3241758241758242
Stacking,micro_F1,0.32967032967032966
Stacking,micro_F1,0.3956043956043956
Stacking,micro_F1,0.37362637362637363
Stacking,micro_F1,0.3770491803278688
Stacking,micro_F1,0.3989071038251366
Stacking,micro_F1,0.3825136612021858
Stacking,micro_F1,0.39344262295081966
Stacking,micro_F1,0.4230769230769231
Stacking,micro_F1,0.35714285714285715
Stacking,micro_F1,0.4010989010989011
Stacking,micro_F1,0.29120879120879123
Stacking,micro_F1,0.32967032967032966
Stacking,micro_F1,0.4230769230769231
Stacking,micro_F1,0.44808743169398907
Stacking,micro_F1,0.37158469945355194
Stacking,micro_F1,0.40437158469945356
Stacking,micro_F1,0.4207650273224044
Stacking,micro_F1,0.37362637362637363
Stacking,micro_F1,0.31868131868131866
Stacking,micro_F1,0.34615384615384615
Stacking,micro_F1,0.38461538461538464
Stacking,micro_F1,0.31868131868131866
Stacking,micro_F1,0.34065934065934067
Majority Vote,accuracy,0.5245901639344263
Majority Vote,accuracy,0.44808743169398907
Majority Vote,accuracy,0.40437158469945356
Majority Vote,accuracy,0.47540983606557374
Majority Vote,accuracy,0.4175824175824176
Majority Vote,accuracy,0.532967032967033
Majority Vote,accuracy,0.43956043956043955
Majority Vote,accuracy,0.554945054945055
Majority Vote,accuracy,0.4835164835164835
Majority Vote,accuracy,0.5384615384615384
Majority Vote,accuracy,0.47540983606557374
Majority Vote,accuracy,0.47540983606557374
Majority Vote,accuracy,0.4918032786885246
Majority Vote,accuracy,0.45901639344262296
Majority Vote,accuracy,0.489010989010989
Majority Vote,accuracy,0.43956043956043955
Majority Vote,accuracy,0.5439560439560439
Majority Vote,accuracy,0.45604395604395603
Majority Vote,accuracy,0.4835164835164835
Majority Vote,accuracy,0.489010989010989
Majority Vote,accuracy,0.47540983606557374
Majority Vote,accuracy,0.4808743169398907
Majority Vote,accuracy,0.4972677595628415
Majority Vote,accuracy,0.5027322404371585
Majority Vote,accuracy,0.4725274725274725
Majority Vote,accuracy,0.4945054945054945
Majority Vote,accuracy,0.46153846153846156
Majority Vote,accuracy,0.44505494505494503
Majority Vote,accuracy,0.45604395604395603
Majority Vote,accuracy,0.5054945054945055
Majority Vote,accuracy,0.5519125683060109
Majority Vote,accuracy,0.47540983606557374
Majority Vote,accuracy,0.4808743169398907
Majority Vote,accuracy,0.546448087431694
Majority Vote,accuracy,0.45604395604395603
Majority Vote,accuracy,0.47802197802197804
Majority Vote,accuracy,0.4835164835164835
Majority Vote,accuracy,0.45604395604395603
Majority Vote,accuracy,0.45054945054945056
Majority Vote,accuracy,0.45604395604395603
Majority Vote,accuracy,0.46994535519125685
Majority Vote,accuracy,0.4918032786885246
Majority Vote,accuracy,0.5355191256830601
Majority Vote,accuracy,0.5191256830601093
Majority Vote,accuracy,0.44505494505494503
Majority Vote,accuracy,0.44505494505494503
Majority Vote,accuracy,0.45054945054945056
Majority Vote,accuracy,0.45604395604395603
Majority Vote,accuracy,0.5164835164835165
Majority Vote,accuracy,0.4945054945054945
Majority Vote,precision,0.28703703703703703
Majority Vote,precision,0.21835205992509366
Majority Vote,precision,0.3011049723756906
Majority Vote,precision,0.15846994535519124
Majority Vote,precision,0.1391941391941392
Majority Vote,precision,0.37702448210922784
Majority Vote,precision,0.31296296296296294
Majority Vote,precision,0.319774011299435
Majority Vote,precision,0.24625468164794007
Majority Vote,precision,0.18047882136279925
Majority Vote,precision,0.16111111111111112
Majority Vote,precision,0.16111111111111112
Majority Vote,precision,0.24906890130353818
Majority Vote,precision,0.1564245810055866
Majority Vote,precision,0.32962962962962966
Majority Vote,precision,0.14732965009208102
Majority Vote,precision,0.4028553693358163
Majority Vote,precision,0.152014652014652
Majority Vote,precision,0.32765151515151514
Majority Vote,precision,0.49444444444444446
Majority Vote,precision,0.15934065934065936
Majority Vote,precision,0.24534450651769088
Majority Vote,precision,0.16666666666666666
Majority Vote,precision,0.16849816849816848
Majority Vote,precision,0.1601489757914339
Majority Vote,precision,0.1675977653631285
Majority Vote,precision,0.48518518518518516
Majority Vote,precision,0.15
Majority Vote,precision,0.2858757062146893
Majority Vote,precision,0.5009208103130756
Majority Vote,precision,0.18397085610200362
Majority Vote,precision,0.16022099447513813
Majority Vote,precision,0.22958801498127338
Majority Vote,precision,0.4037037037037037
Majority Vote,precision,0.4843462246777164
Majority Vote,precision,0.16111111111111112
Majority Vote,precision,0.24625468164794007
Majority Vote,precision,0.4823091247672253
Majority Vote,precision,0.15018315018315018
Majority Vote,precision,0.152014652014652
Majority Vote,precision,0.37777777777777777
Majority Vote,precision,0.250952380952381
Majority Vote,precision,0.39999999999999997
Majority Vote,precision,0.2851851851851852
Majority Vote,precision,0.14917127071823205
Majority Vote,precision,0.15254237288135594
Majority Vote,precision,0.31666666666666665
Majority Vote,precision,0.3730602110490378
Majority Vote,precision,0.1721611721611722
Majority Vote,precision,0.27684667908131594
Majority Vote,recall,0.3320160366552119
Majority Vote,recall,0.323394185260311
Majority Vote,recall,0.33879781420765026
Majority Vote,recall,0.3333333333333333
Majority Vote,recall,0.3333333333333333
Majority Vote,recall,0.35255183413078145
Majority Vote,recall,0.33962264150943394
Majority Vote,recall,0.34299283586895274
Majority Vote,recall,0.3335946346137096
Majority Vote,recall,0.3333333333333333
Majority Vote,recall,0.32584269662921345
Majority Vote,recall,0.32584269662921345
Majority Vote,recall,0.3294082125603865
Majority Vote,recall,0.32941176470588235
Majority Vote,recall,0.3356486210418794
Majority Vote,recall,0.3333333333333333
Majority Vote,recall,0.3438208616780045
Majority Vote,recall,0.3333333333333333
Majority Vote,recall,0.3423778602350031
Majority Vote,recall,0.34358974358974353
Majority Vote,recall,0.32954545454545453
Majority Vote,recall,0.33264541771764883
Majority Vote,recall,0.3297101449275362
Majority Vote,recall,0.3333333333333333
Majority Vote,recall,0.32950191570881227
Majority Vote,recall,0.32608695652173914
Majority Vote,recall,0.3446327683615819
Majority Vote,recall,0.3253012048192771
Majority Vote,recall,0.33377425044091713
Majority Vote,recall,0.33879781420765026
Majority Vote,recall,0.3333333333333333
Majority Vote,recall,0.3333333333333333
Majority Vote,recall,0.3321320048053141
Majority Vote,recall,0.3427868427868428
Majority Vote,recall,0.3389830508474576
Majority Vote,recall,0.32584269662921345
Majority Vote,recall,0.3363481756338899
Majority Vote,recall,0.35185185185185186
Majority Vote,recall,0.3333333333333333
Majority Vote,recall,0.3333333333333333
Majority Vote,recall,0.3448275862068966
Majority Vote,recall,0.33516483516483514
Majority Vote,recall,0.3435023493933656
Majority Vote,recall,0.3334810874704492
Majority Vote,recall,0.3333333333333333
Majority Vote,recall,0.32142857142857145
Majority Vote,recall,0.3354411321890997
Majority Vote,recall,0.3448275862068966
Majority Vote,recall,0.3333333333333333
Majority Vote,recall,0.3362962962962963
Majority Vote,macro_F1,0.23922220312112008
Majority Vote,macro_F1,0.2159052044983604
Majority Vote,macro_F1,0.20218306045077697
Majority Vote,macro_F1,0.21481481481481482
Majority Vote,macro_F1,0.19638242894056848
Majority Vote,macro_F1,0.27120848339335735
Majority Vote,macro_F1,0.21546741546741546
Majority Vote,macro_F1,0.26639557918882284
Majority Vote,macro_F1,0.23141286158259622
Majority Vote,macro_F1,0.23416965352449223
Majority Vote,macro_F1,0.21561338289962825
Majority Vote,macro_F1,0.21561338289962825
Majority Vote,macro_F1,0.23176270224240703
Majority Vote,macro_F1,0.21212121212121213
Majority Vote,macro_F1,0.22978760407834953
Majority Vote,macro_F1,0.20434227330779053
Majority Vote,macro_F1,0.25959746112644816
Majority Vote,macro_F1,0.20880503144654086
Majority Vote,macro_F1,0.251010101010101
Majority Vote,macro_F1,0.23712896193191346
Majority Vote,macro_F1,0.21481481481481482
Majority Vote,macro_F1,0.22899652679996244
Majority Vote,macro_F1,0.2214111922141119
Majority Vote,macro_F1,0.2238442822384428
Majority Vote,macro_F1,0.21553884711779447
Majority Vote,macro_F1,0.22140221402214022
Majority Vote,macro_F1,0.2305093229883619
Majority Vote,macro_F1,0.20532319391634982
Majority Vote,macro_F1,0.22949542178063512
Majority Vote,macro_F1,0.2337919038583175
Majority Vote,macro_F1,0.23708920187793428
Majority Vote,macro_F1,0.21641791044776118
Majority Vote,macro_F1,0.22872271729303886
Majority Vote,macro_F1,0.2584120777669165
Majority Vote,macro_F1,0.2189691592733418
Majority Vote,macro_F1,0.21561338289962825
Majority Vote,macro_F1,0.23062372913415616
Majority Vote,macro_F1,0.24100792521845152
Majority Vote,macro_F1,0.20707070707070707
Majority Vote,macro_F1,0.20880503144654086
Majority Vote,macro_F1,0.23397913561847986
Majority Vote,macro_F1,0.2427736006683375
Majority Vote,macro_F1,0.2566879570489679
Majority Vote,macro_F1,0.2403864734299517
Majority Vote,macro_F1,0.20610687022900764
Majority Vote,macro_F1,0.20689655172413793
Majority Vote,macro_F1,0.21801163213376953
Majority Vote,macro_F1,0.22955023118957543
Majority Vote,macro_F1,0.22705314009661837
Majority Vote,macro_F1,0.23314862874377498
Majority Vote,micro_F1,0.5245901639344263
Majority Vote,micro_F1,0.44808743169398907
Majority Vote,micro_F1,0.40437158469945356
Majority Vote,micro_F1,0.47540983606557374
Majority Vote,micro_F1,0.4175824175824176
Majority Vote,micro_F1,0.532967032967033
Majority Vote,micro_F1,0.43956043956043955
Majority Vote,micro_F1,0.554945054945055
Majority Vote,micro_F1,0.4835164835164835
Majority Vote,micro_F1,0.5384615384615384
Majority Vote,micro_F1,0.47540983606557374
Majority Vote,micro_F1,0.47540983606557374
Majority Vote,micro_F1,0.4918032786885246
Majority Vote,micro_F1,0.45901639344262296
Majority Vote,micro_F1,0.489010989010989
Majority Vote,micro_F1,0.43956043956043955
Majority Vote,micro_F1,0.5439560439560439
Majority Vote,micro_F1,0.45604395604395603
Majority Vote,micro_F1,0.4835164835164835
Majority Vote,micro_F1,0.489010989010989
Majority Vote,micro_F1,0.47540983606557374
Majority Vote,micro_F1,0.4808743169398907
Majority Vote,micro_F1,0.4972677595628415
Majority Vote,micro_F1,0.5027322404371585
Majority Vote,micro_F1,0.4725274725274725
Majority Vote,micro_F1,0.4945054945054945
Majority Vote,micro_F1,0.46153846153846156
Majority Vote,micro_F1,0.44505494505494503
Majority Vote,micro_F1,0.45604395604395603
Majority Vote,micro_F1,0.5054945054945055
Majority Vote,micro_F1,0.5519125683060109
Majority Vote,micro_F1,0.47540983606557374
Majority Vote,micro_F1,0.4808743169398907
Majority Vote,micro_F1,0.546448087431694
Majority Vote,micro_F1,0.45604395604395603
Majority Vote,micro_F1,0.47802197802197804
Majority Vote,micro_F1,0.4835164835164835
Majority Vote,micro_F1,0.45604395604395603
Majority Vote,micro_F1,0.45054945054945056
Majority Vote,micro_F1,0.45604395604395603
Majority Vote,micro_F1,0.46994535519125685
Majority Vote,micro_F1,0.4918032786885246
Majority Vote,micro_F1,0.5355191256830601
Majority Vote,micro_F1,0.5191256830601093
Majority Vote,micro_F1,0.44505494505494503
Majority Vote,micro_F1,0.44505494505494503
Majority Vote,micro_F1,0.45054945054945056
Majority Vote,micro_F1,0.45604395604395603
Majority Vote,micro_F1,0.5164835164835165
Majority Vote,micro_F1,0.4945054945054945
